<?xml version="1.0" encoding="UTF-8" ?>
<schema name="BerlinBuzzwords2014" version="1.5">
<fields>
   <field name="id" type="string" indexed="true" stored="true" required="true" multiValued="false" /> 
   <field name="url" type="string" indexed="true" stored="true"/> 
   <field name="title" type="text_general" indexed="true" stored="true"/> 
   <field name="uploaded_by" type="string" indexed="true" stored="true"/> 
   <field name="upload_date" type="date" indexed="true" stored="true"/>     
   <field name="views" type="int" indexed="true" stored="true"/> 
   <field name="likes" type="int" indexed="true" stored="true"/> 
   <field name="tags" type="string" indexed="true" stored="true" multiValued="true"/> 
   <field name="all" type="text_general" indexed="true" stored="true" multiValued="true"/>
   
   <field name="_version_" type="long" indexed="true" stored="true"/>
 </fields>

 <copyField source="id" dest="all" />
 <copyField source="url" dest="all" />
 <copyField source="title" dest="all" />
 <copyField source="uploaded_by" dest="all" />
 <copyField source="upload_date" dest="all" />
 <copyField source="views" dest="all" />
 <copyField source="likes" dest="all" />
 <copyField source="tags" dest="all" />

 <uniqueKey>id</uniqueKey>
 
 <types>
   <fieldType name="string" class="solr.StrField" sortMissingLast="true" />
   <fieldType name="boolean" class="solr.BoolField" sortMissingLast="true"/>
   <fieldType name="int" class="solr.TrieIntField" precisionStep="0" positionIncrementGap="0"/>
   <fieldType name="float" class="solr.TrieFloatField" precisionStep="0" positionIncrementGap="0"/>
   <fieldType name="long" class="solr.TrieLongField" precisionStep="0" positionIncrementGap="0"/>
   <fieldType name="double" class="solr.TrieDoubleField" precisionStep="0" positionIncrementGap="0"/>
   <fieldType name="tint" class="solr.TrieIntField" precisionStep="8" positionIncrementGap="0"/>
   <fieldType name="tfloat" class="solr.TrieFloatField" precisionStep="8" positionIncrementGap="0"/>
   <fieldType name="tlong" class="solr.TrieLongField" precisionStep="8" positionIncrementGap="0"/>
   <fieldType name="tdouble" class="solr.TrieDoubleField" precisionStep="8" positionIncrementGap="0"/>
   <fieldType name="date" class="solr.TrieDateField" precisionStep="0" positionIncrementGap="0"/>
   <fieldType name="tdate" class="solr.TrieDateField" precisionStep="6" positionIncrementGap="0"/>
   <fieldtype name="binary" class="solr.BinaryField"/>
   <fieldType name="random" class="solr.RandomSortField" indexed="true" />

   <fieldType name="text_ws" class="solr.TextField" positionIncrementGap="100">
     <analyzer>
       <tokenizer class="solr.WhitespaceTokenizerFactory"/>
     </analyzer>
   </fieldType>
    
   <fieldType name="text_general" class="solr.TextField" positionIncrementGap="100">
     <analyzer type="index">
       <tokenizer class="solr.StandardTokenizerFactory"/>
       <filter class="solr.StopFilterFactory" ignoreCase="true" words="stopwords.txt" />
       <filter class="solr.LowerCaseFilterFactory"/>
     </analyzer>
     <analyzer type="query">
       <tokenizer class="solr.StandardTokenizerFactory"/>
       <filter class="solr.StopFilterFactory" ignoreCase="true" words="stopwords.txt" />
       <filter class="solr.SynonymFilterFactory" synonyms="synonyms.txt" ignoreCase="true" expand="true"/>
       <filter class="solr.LowerCaseFilterFactory"/>
     </analyzer>
    </fieldType>
 </types>
  
</schema>
