<?xml version="1.0" encoding="UTF-8" ?>

<config>
  <luceneMatchVersion>4.7</luceneMatchVersion>
  <dataDir>${solr.data.dir:}</dataDir>

  <directoryFactory name="DirectoryFactory" 
                    class="${solr.directoryFactory:solr.NRTCachingDirectoryFactory}">
  </directoryFactory> 
  <codecFactory class="solr.SchemaCodecFactory"/>
  <schemaFactory class="ClassicIndexSchemaFactory"/>

  <indexConfig>
    <lockType>${solr.lock.type:native}</lockType>
    <infoStream>true</infoStream>
  </indexConfig>
  
  <jmx />
  
  <updateHandler class="solr.DirectUpdateHandler2">
    <updateLog>
      <str name="dir">${solr.ulog.dir:}</str>
    </updateLog>
    <autoCommit> 
      <maxTime>${solr.autoCommit.maxTime:15000}</maxTime> 
      <openSearcher>false</openSearcher> 
    </autoCommit>
    <autoSoftCommit> 
      <maxTime>${solr.autoSoftCommit.maxTime:-1}</maxTime> 
    </autoSoftCommit>
  </updateHandler>
  
  <query>
    <maxBooleanClauses>1024</maxBooleanClauses>
    <filterCache class="solr.FastLRUCache"
                 size="512"
                 initialSize="512"
                 autowarmCount="0"/>

    <queryResultCache class="solr.LRUCache"
                     size="512"
                     initialSize="512"
                     autowarmCount="0"/>
   
    <documentCache class="solr.LRUCache"
                   size="512"
                   initialSize="512"
                   autowarmCount="0"/>
    
   <enableLazyFieldLoading>true</enableLazyFieldLoading>
   <queryResultWindowSize>20</queryResultWindowSize>
   <queryResultMaxDocsCached>200</queryResultMaxDocsCached>
   <useColdSearcher>false</useColdSearcher>
   <maxWarmingSearchers>2</maxWarmingSearchers>

   <listener event="newSearcher" class="solr.QuerySenderListener">
     <arr name="queries">
     </arr>
   </listener>
   <listener event="firstSearcher" class="solr.QuerySenderListener">
     <arr name="queries">
     </arr>
   </listener>
  </query>

  <requestDispatcher handleSelect="false" >
    <requestParsers enableRemoteStreaming="true" 
                    multipartUploadLimitInKB="2048000"
                    formdataUploadLimitInKB="2048"
                    addHttpRequestToContext="false"/>

    <httpCaching never304="true" />
  </requestDispatcher>

  <requestHandler name="/select" class="solr.SearchHandler">
    <lst name="defaults">
      <str name="echoParams">explicit</str>
      <int name="rows">10</int>
      <str name="df">all</str>
    </lst>  
  </requestHandler>

  <requestHandler name="/get" class="solr.RealTimeGetHandler">
     <lst name="defaults">
       <str name="omitHeader">true</str>
       <str name="wt">json</str>
       <str name="indent">true</str>
     </lst>
  </requestHandler>

  <requestHandler name="/update" class="solr.UpdateRequestHandler">
    <lst name="defaults">
      <str name="update.chain">dateParse</str>
    </lst>
  </requestHandler>
  
  <updateRequestProcessorChain name="dateParse">
    <processor class="solr.ParseDateFieldUpdateProcessorFactory">
      <arr name="format">
        <str>yyyy-MM-dd</str>
      </arr>
    </processor>
    <processor class="solr.LogUpdateProcessorFactory" />
    <processor class="solr.RunUpdateProcessorFactory" />
  </updateRequestProcessorChain>
  
  <requestHandler name="/update/json" class="solr.UpdateRequestHandler">
    <lst name="defaults">
      <str name="stream.contentType">application/json</str>
      <str name="update.chain">dateParse</str>
    </lst>
  </requestHandler>
  
  <requestHandler name="/analysis/field" 
                  startup="lazy"
                  class="solr.FieldAnalysisRequestHandler" />

  <requestHandler name="/analysis/document" 
                  class="solr.DocumentAnalysisRequestHandler" 
                  startup="lazy" />

  <requestHandler name="/admin/" 
                  class="solr.admin.AdminHandlers" />
  
  <requestHandler name="/admin/ping" class="solr.PingRequestHandler">
    <lst name="invariants">
      <str name="q">solrpingquery</str>
    </lst>
    <lst name="defaults">
      <str name="echoParams">all</str>
    </lst>
  </requestHandler>

  <requestHandler name="/debug/dump" class="solr.DumpRequestHandler" >
    <lst name="defaults">
     <str name="echoParams">explicit</str> 
     <str name="echoHandler">true</str>
    </lst>
  </requestHandler>
  
  <requestHandler name="/replication" class="solr.ReplicationHandler" > 
  </requestHandler>

  <queryResponseWriter name="json" class="solr.JSONResponseWriter">
    <str name="content-type">text/plain; charset=UTF-8</str>
  </queryResponseWriter>
  
  <admin>
    <defaultQuery>*:*</defaultQuery>
  </admin>
</config>
